id_categoria_despesa,categoria_despesa,grupo_dre,tipo_custo,ordem_dre
1,Salários,Despesas com Pessoal,Fixa,1
2,Encargos Sociais,Despesas com Pessoal,Fixa,1
3,Benefícios,Despesas com Pessoal,Fixa,1
4,Comissões,Despesas Comerciais,Variável,2
5,Marketing Digital,Despesas Comerciais,Variável,2
6,Eventos & Patrocínios,Despesas Comerciais,Variável,2
7,Frete & Logística,Despesas Operacionais,Variável,3
8,Manutenção & Reparos,Despesas Operacionais,Fixa,3
9,Aluguel,Despesas Administrativas,Fixa,4
10,"Energia, Água & Internet",Despesas Administrativas,Fixa,4
11,Software & Licenças,Despesas Administrativas,Fixa,4
12,Consultoria & Terceiros,Despesas Administrativas,Variável,4
13,Viagens & Deslocamentos,Despesas Administrativas,Variável,4
14,Treinamento,Despesas Administrativas,Variável,4
15,Seguros,Despesas Administrativas,Fixa,4
16,Material de Escritório,Despesas Administrativas,Variável,4
17,Tarifas de Pagamento & Marketplace,Despesas Financeiras,Variável,5
18,Juros & Tarifas Bancárias,Despesas Financeiras,Fixa,5
