mes,id_filial,meta_receita_liquida,meta_margem_bruta_pct,meta_lucro_bruto
2024-01-01,1,1022000.0,0.38,388400.0
2024-01-01,2,471000.0,0.37,174300.0
2024-01-01,3,433000.0,0.36,155900.0
2024-01-01,4,333000.0,0.37,123200.0
2024-01-01,5,251000.0,0.36,90400.0
2024-01-01,6,272000.0,0.35,95200.0
2024-02-01,1,879000.0,0.38,334000.0
2024-02-01,2,405000.0,0.37,149800.0
2024-02-01,3,373000.0,0.36,134300.0
2024-02-01,4,287000.0,0.37,106200.0
2024-02-01,5,216000.0,0.36,77800.0
2024-02-01,6,234000.0,0.35,81900.0
2024-03-01,1,1074000.0,0.38,408100.0
2024-03-01,2,494000.0,0.37,182800.0
2024-03-01,3,455000.0,0.36,163800.0
2024-03-01,4,350000.0,0.37,129500.0
2024-03-01,5,264000.0,0.36,95000.0
2024-03-01,6,285000.0,0.35,99800.0
2024-04-01,1,1141000.0,0.38,433600.0
2024-04-01,2,525000.0,0.37,194200.0
2024-04-01,3,484000.0,0.36,174200.0
2024-04-01,4,372000.0,0.37,137600.0
2024-04-01,5,281000.0,0.36,101200.0
2024-04-01,6,303000.0,0.35,106000.0
2024-05-01,1,1174000.0,0.38,446100.0
2024-05-01,2,540000.0,0.37,199800.0
2024-05-01,3,498000.0,0.36,179300.0
2024-05-01,4,383000.0,0.37,141700.0
2024-05-01,5,289000.0,0.36,104000.0
2024-05-01,6,312000.0,0.35,109200.0
2024-06-01,1,1122000.0,0.38,426400.0
2024-06-01,2,517000.0,0.37,191300.0
2024-06-01,3,476000.0,0.36,171400.0
2024-06-01,4,366000.0,0.37,135400.0
2024-06-01,5,276000.0,0.36,99400.0
2024-06-01,6,298000.0,0.35,104300.0
2024-06-01,8,91000.0,0.36,32800.0
2024-07-01,1,1250000.0,0.38,475000.0
2024-07-01,2,575000.0,0.37,212800.0
2024-07-01,3,530000.0,0.36,190800.0
2024-07-01,4,408000.0,0.37,151000.0
2024-07-01,5,307000.0,0.36,110500.0
2024-07-01,6,332000.0,0.35,116200.0
2024-07-01,8,126000.0,0.36,45400.0
2024-08-01,1,1290000.0,0.38,490200.0
2024-08-01,2,594000.0,0.37,219800.0
2024-08-01,3,547000.0,0.36,196900.0
2024-08-01,4,421000.0,0.37,155800.0
2024-08-01,5,317000.0,0.36,114100.0
2024-08-01,6,343000.0,0.35,120000.0
2024-08-01,8,153000.0,0.36,55100.0
2024-09-01,1,1229000.0,0.38,467000.0
2024-09-01,2,566000.0,0.37,209400.0
2024-09-01,3,521000.0,0.36,187600.0
2024-09-01,4,401000.0,0.37,148400.0
2024-09-01,5,302000.0,0.36,108700.0
2024-09-01,6,326000.0,0.35,114100.0
2024-09-01,8,167000.0,0.36,60100.0
2024-10-01,1,1402000.0,0.38,532800.0
2024-10-01,2,646000.0,0.37,239000.0
2024-10-01,3,595000.0,0.36,214200.0
2024-10-01,4,457000.0,0.37,169100.0
2024-10-01,5,345000.0,0.36,124200.0
2024-10-01,6,373000.0,0.35,130500.0
2024-10-01,8,214000.0,0.36,77000.0
2024-11-01,1,1680000.0,0.38,638400.0
2024-11-01,2,774000.0,0.37,286400.0
2024-11-01,3,712000.0,0.36,256300.0
2024-11-01,4,548000.0,0.37,202800.0
2024-11-01,5,413000.0,0.36,148700.0
2024-11-01,6,446000.0,0.35,156100.0
2024-11-01,8,286000.0,0.36,103000.0
2024-12-01,1,1648000.0,0.38,626200.0
2024-12-01,2,759000.0,0.37,280800.0
2024-12-01,3,699000.0,0.36,251600.0
2024-12-01,4,538000.0,0.37,199100.0
2024-12-01,5,405000.0,0.36,145800.0
2024-12-01,6,438000.0,0.35,153300.0
2024-12-01,8,309000.0,0.36,111200.0
2025-01-01,1,1162000.0,0.38,441600.0
2025-01-01,2,535000.0,0.37,198000.0
2025-01-01,3,493000.0,0.36,177500.0
2025-01-01,4,379000.0,0.37,140200.0
2025-01-01,5,286000.0,0.36,103000.0
2025-01-01,6,309000.0,0.35,108200.0
2025-01-01,8,238000.0,0.36,85700.0
2025-02-01,1,1023000.0,0.38,388700.0
2025-02-01,2,471000.0,0.37,174300.0
2025-02-01,3,434000.0,0.36,156200.0
2025-02-01,4,334000.0,0.37,123600.0
2025-02-01,5,252000.0,0.36,90700.0
2025-02-01,6,272000.0,0.35,95200.0
2025-02-01,7,94000.0,0.36,33800.0
2025-02-01,8,227000.0,0.36,81700.0
2025-03-01,1,1186000.0,0.38,450700.0
2025-03-01,2,546000.0,0.37,202000.0
2025-03-01,3,503000.0,0.36,181100.0
2025-03-01,4,387000.0,0.37,143200.0
2025-03-01,5,292000.0,0.36,105100.0
2025-03-01,6,315000.0,0.35,110200.0
2025-03-01,7,136000.0,0.36,49000.0
2025-03-01,8,284000.0,0.36,102200.0
2025-04-01,1,1241000.0,0.38,471600.0
2025-04-01,2,571000.0,0.37,211300.0
2025-04-01,3,526000.0,0.36,189400.0
2025-04-01,4,405000.0,0.37,149800.0
2025-04-01,5,305000.0,0.36,109800.0
2025-04-01,6,330000.0,0.35,115500.0
2025-04-01,7,166000.0,0.36,59800.0
2025-04-01,8,297000.0,0.36,106900.0
2025-05-01,1,1355000.0,0.38,514900.0
2025-05-01,2,624000.0,0.37,230900.0
2025-05-01,3,575000.0,0.36,207000.0
2025-05-01,4,442000.0,0.37,163500.0
2025-05-01,5,333000.0,0.36,119900.0
2025-05-01,6,360000.0,0.35,126000.0
2025-05-01,7,208000.0,0.36,74900.0
2025-05-01,8,324000.0,0.36,116600.0
2025-06-01,1,1260000.0,0.38,478800.0
2025-06-01,2,580000.0,0.37,214600.0
2025-06-01,3,534000.0,0.36,192200.0
2025-06-01,4,411000.0,0.37,152100.0
2025-06-01,5,310000.0,0.36,111600.0
2025-06-01,6,335000.0,0.35,117200.0
2025-06-01,7,218000.0,0.36,78500.0
2025-06-01,8,301000.0,0.36,108400.0
2025-07-01,1,1427000.0,0.38,542300.0
2025-07-01,2,657000.0,0.37,243100.0
2025-07-01,3,605000.0,0.36,217800.0
2025-07-01,4,466000.0,0.37,172400.0
2025-07-01,5,351000.0,0.36,126400.0
2025-07-01,6,379000.0,0.35,132600.0
2025-07-01,7,275000.0,0.36,99000.0
2025-07-01,8,341000.0,0.36,122800.0
2025-08-01,1,1430000.0,0.38,543400.0
2025-08-01,2,658000.0,0.37,243500.0
2025-08-01,3,606000.0,0.36,218200.0
2025-08-01,4,466000.0,0.37,172400.0
2025-08-01,5,352000.0,0.36,126700.0
2025-08-01,6,380000.0,0.35,133000.0
2025-08-01,7,303000.0,0.36,109100.0
2025-08-01,8,342000.0,0.36,123100.0
2025-09-01,1,1459000.0,0.38,554400.0
2025-09-01,2,672000.0,0.37,248600.0
2025-09-01,3,619000.0,0.36,222800.0
2025-09-01,4,476000.0,0.37,176100.0
2025-09-01,5,359000.0,0.36,129200.0
2025-09-01,6,388000.0,0.35,135800.0
2025-09-01,7,338000.0,0.36,121700.0
2025-09-01,8,349000.0,0.36,125600.0
2025-10-01,1,1608000.0,0.38,611000.0
2025-10-01,2,741000.0,0.37,274200.0
2025-10-01,3,682000.0,0.36,245500.0
2025-10-01,4,525000.0,0.37,194200.0
2025-10-01,5,396000.0,0.36,142600.0
2025-10-01,6,427000.0,0.35,149400.0
2025-10-01,7,404000.0,0.36,145400.0
2025-10-01,8,385000.0,0.36,138600.0
2025-11-01,1,1904000.0,0.38,723500.0
2025-11-01,2,877000.0,0.37,324500.0
2025-11-01,3,807000.0,0.36,290500.0
2025-11-01,4,621000.0,0.37,229800.0
2025-11-01,5,468000.0,0.36,168500.0
2025-11-01,6,506000.0,0.35,177100.0
2025-11-01,7,515000.0,0.36,185400.0
2025-11-01,8,455000.0,0.36,163800.0
2025-12-01,1,1939000.0,0.38,736800.0
2025-12-01,2,893000.0,0.37,330400.0
2025-12-01,3,822000.0,0.36,295900.0
2025-12-01,4,633000.0,0.37,234200.0
2025-12-01,5,477000.0,0.36,171700.0
2025-12-01,6,515000.0,0.35,180200.0
2025-12-01,7,525000.0,0.36,189000.0
2025-12-01,8,464000.0,0.36,167000.0
2026-01-01,1,1302000.0,0.38,494800.0
2026-01-01,2,599000.0,0.37,221600.0
2026-01-01,3,552000.0,0.36,198700.0
2026-01-01,4,425000.0,0.37,157200.0
2026-01-01,5,320000.0,0.36,115200.0
2026-01-01,6,346000.0,0.35,121100.0
2026-01-01,7,353000.0,0.36,127100.0
2026-01-01,8,311000.0,0.36,112000.0
2026-02-01,1,1092000.0,0.38,415000.0
2026-02-01,2,503000.0,0.37,186100.0
2026-02-01,3,463000.0,0.36,166700.0
2026-02-01,4,356000.0,0.37,131700.0
2026-02-01,5,269000.0,0.36,96800.0
2026-02-01,6,290000.0,0.35,101500.0
2026-02-01,7,296000.0,0.36,106600.0
2026-02-01,8,261000.0,0.36,94000.0
2026-03-01,1,1464000.0,0.38,556300.0
2026-03-01,2,674000.0,0.37,249400.0
2026-03-01,3,621000.0,0.36,223600.0
2026-03-01,4,477000.0,0.37,176500.0
2026-03-01,5,360000.0,0.36,129600.0
2026-03-01,6,389000.0,0.35,136200.0
2026-03-01,7,396000.0,0.36,142600.0
2026-03-01,8,350000.0,0.36,126000.0
2026-04-01,1,1410000.0,0.38,535800.0
2026-04-01,2,649000.0,0.37,240100.0
2026-04-01,3,598000.0,0.36,215300.0
2026-04-01,4,460000.0,0.37,170200.0
2026-04-01,5,347000.0,0.36,124900.0
2026-04-01,6,375000.0,0.35,131200.0
2026-04-01,7,382000.0,0.36,137500.0
2026-04-01,8,337000.0,0.36,121300.0
2026-05-01,1,1502000.0,0.38,570800.0
2026-05-01,2,692000.0,0.37,256000.0
2026-05-01,3,637000.0,0.36,229300.0
2026-05-01,4,490000.0,0.37,181300.0
2026-05-01,5,370000.0,0.36,133200.0
2026-05-01,6,399000.0,0.35,139600.0
2026-05-01,7,407000.0,0.36,146500.0
2026-05-01,8,359000.0,0.36,129200.0
2026-06-01,1,1483000.0,0.38,563500.0
2026-06-01,2,683000.0,0.37,252700.0
2026-06-01,3,629000.0,0.36,226400.0
2026-06-01,4,484000.0,0.37,179100.0
2026-06-01,5,365000.0,0.36,131400.0
2026-06-01,6,394000.0,0.35,137900.0
2026-06-01,7,402000.0,0.36,144700.0
2026-06-01,8,355000.0,0.36,127800.0
2026-07-01,1,1623000.0,0.38,616700.0
2026-07-01,2,747000.0,0.37,276400.0
2026-07-01,3,688000.0,0.36,247700.0
2026-07-01,4,529000.0,0.37,195700.0
2026-07-01,5,399000.0,0.36,143600.0
2026-07-01,6,431000.0,0.35,150800.0
2026-07-01,7,439000.0,0.36,158000.0
2026-07-01,8,388000.0,0.36,139700.0
2026-08-01,1,1630000.0,0.38,619400.0
2026-08-01,2,751000.0,0.37,277900.0
2026-08-01,3,691000.0,0.36,248800.0
2026-08-01,4,532000.0,0.37,196800.0
2026-08-01,5,401000.0,0.36,144400.0
2026-08-01,6,433000.0,0.35,151600.0
2026-08-01,7,441000.0,0.36,158800.0
2026-08-01,8,390000.0,0.36,140400.0
2026-09-01,1,1634000.0,0.38,620900.0
2026-09-01,2,753000.0,0.37,278600.0
2026-09-01,3,693000.0,0.36,249500.0
2026-09-01,4,533000.0,0.37,197200.0
2026-09-01,5,402000.0,0.36,144700.0
2026-09-01,6,434000.0,0.35,151900.0
2026-09-01,7,443000.0,0.36,159500.0
2026-09-01,8,391000.0,0.36,140800.0
2026-10-01,1,1765000.0,0.38,670700.0
2026-10-01,2,813000.0,0.37,300800.0
2026-10-01,3,749000.0,0.36,269600.0
2026-10-01,4,576000.0,0.37,213100.0
2026-10-01,5,434000.0,0.36,156200.0
2026-10-01,6,469000.0,0.35,164200.0
2026-10-01,7,478000.0,0.36,172100.0
2026-10-01,8,422000.0,0.36,151900.0
2026-11-01,1,2183000.0,0.38,829500.0
2026-11-01,2,1005000.0,0.37,371800.0
2026-11-01,3,926000.0,0.36,333400.0
2026-11-01,4,712000.0,0.37,263400.0
2026-11-01,5,537000.0,0.36,193300.0
2026-11-01,6,580000.0,0.35,203000.0
2026-11-01,7,591000.0,0.36,212800.0
2026-11-01,8,522000.0,0.36,187900.0
2026-12-01,1,2218000.0,0.38,842800.0
2026-12-01,2,1022000.0,0.37,378100.0
2026-12-01,3,941000.0,0.36,338800.0
2026-12-01,4,724000.0,0.37,267900.0
2026-12-01,5,546000.0,0.36,196600.0
2026-12-01,6,589000.0,0.35,206200.0
2026-12-01,7,601000.0,0.36,216400.0
2026-12-01,8,531000.0,0.36,191200.0
