data_referencia,id_departamento,id_filial,headcount,headcount_planejado,admissoes,desligamentos
2024-01-31,1,1,2,2,0,0
2024-01-31,2,1,4,4,0,0
2024-01-31,3,1,4,4,0,0
2024-01-31,4,1,3,3,0,0
2024-01-31,5,1,4,4,0,0
2024-01-31,6,1,2,2,0,0
2024-01-31,7,1,3,3,0,0
2024-01-31,8,1,5,5,0,0
2024-01-31,1,2,2,2,0,0
2024-01-31,6,2,2,2,0,0
2024-01-31,7,2,1,1,0,0
2024-01-31,1,3,2,2,0,0
2024-01-31,6,3,2,2,0,0
2024-01-31,7,3,1,1,0,0
2024-01-31,1,4,2,2,0,0
2024-01-31,6,4,2,2,0,0
2024-01-31,7,4,1,1,0,0
2024-01-31,1,5,2,2,0,0
2024-01-31,6,5,2,2,0,0
2024-01-31,7,5,1,1,0,0
2024-01-31,1,6,2,2,0,0
2024-01-31,6,6,2,2,0,0
2024-01-31,7,6,1,1,0,0
2024-02-29,1,1,2,2,0,0
2024-02-29,2,1,4,4,0,0
2024-02-29,3,1,4,4,0,0
2024-02-29,4,1,3,3,0,0
2024-02-29,5,1,4,4,0,0
2024-02-29,6,1,2,2,0,0
2024-02-29,7,1,3,3,0,0
2024-02-29,8,1,5,5,0,0
2024-02-29,1,2,2,2,0,0
2024-02-29,6,2,2,2,0,0
2024-02-29,7,2,1,1,0,0
2024-02-29,1,3,2,2,0,0
2024-02-29,6,3,2,2,0,0
2024-02-29,7,3,1,1,0,0
2024-02-29,1,4,2,2,0,0
2024-02-29,6,4,2,2,0,0
2024-02-29,7,4,1,1,0,0
2024-02-29,1,5,2,2,0,0
2024-02-29,6,5,2,2,0,0
2024-02-29,7,5,1,1,0,0
2024-02-29,1,6,2,2,0,0
2024-02-29,6,6,2,2,0,0
2024-02-29,7,6,1,1,0,0
2024-03-31,1,1,2,2,0,0
2024-03-31,2,1,4,4,0,0
2024-03-31,3,1,4,4,0,0
2024-03-31,4,1,3,3,0,0
2024-03-31,5,1,4,4,0,0
2024-03-31,6,1,2,2,0,0
2024-03-31,7,1,3,3,0,0
2024-03-31,8,1,5,5,0,0
2024-03-31,1,2,2,2,0,0
2024-03-31,6,2,2,2,0,0
2024-03-31,7,2,1,1,0,0
2024-03-31,1,3,2,2,0,0
2024-03-31,6,3,2,2,0,0
2024-03-31,7,3,1,1,0,0
2024-03-31,1,4,2,2,0,0
2024-03-31,6,4,2,2,0,0
2024-03-31,7,4,1,1,0,0
2024-03-31,1,5,2,2,0,0
2024-03-31,6,5,2,2,0,0
2024-03-31,7,5,1,1,0,0
2024-03-31,1,6,2,2,0,0
2024-03-31,6,6,2,2,0,0
2024-03-31,7,6,1,1,0,0
2024-04-30,1,1,2,2,0,0
2024-04-30,2,1,4,4,0,0
2024-04-30,3,1,4,4,0,0
2024-04-30,4,1,3,3,0,0
2024-04-30,5,1,4,4,0,0
2024-04-30,6,1,2,2,0,0
2024-04-30,7,1,3,3,0,0
2024-04-30,8,1,5,5,0,0
2024-04-30,1,2,2,2,0,0
2024-04-30,6,2,2,2,0,0
2024-04-30,7,2,1,1,0,0
2024-04-30,1,3,2,2,0,0
2024-04-30,6,3,2,2,0,0
2024-04-30,7,3,1,1,0,0
2024-04-30,1,4,2,2,0,0
2024-04-30,6,4,2,2,0,0
2024-04-30,7,4,1,1,0,0
2024-04-30,1,5,2,2,0,0
2024-04-30,6,5,2,2,0,0
2024-04-30,7,5,1,1,0,0
2024-04-30,1,6,2,2,0,0
2024-04-30,6,6,2,2,0,0
2024-04-30,7,6,1,1,0,0
2024-05-31,1,1,2,2,0,0
2024-05-31,2,1,4,4,0,0
2024-05-31,3,1,4,4,0,0
2024-05-31,4,1,3,3,0,0
2024-05-31,5,1,4,4,0,0
2024-05-31,6,1,2,2,0,0
2024-05-31,7,1,3,3,0,0
2024-05-31,8,1,5,5,0,0
2024-05-31,1,2,2,2,0,0
2024-05-31,6,2,2,2,0,0
2024-05-31,7,2,1,1,0,0
2024-05-31,1,3,2,2,0,0
2024-05-31,6,3,2,2,0,0
2024-05-31,7,3,1,1,0,0
2024-05-31,1,4,2,2,0,0
2024-05-31,6,4,2,2,0,0
2024-05-31,7,4,1,1,0,0
2024-05-31,1,5,2,2,0,0
2024-05-31,6,5,2,2,0,0
2024-05-31,7,5,1,1,0,0
2024-05-31,1,6,2,2,0,0
2024-05-31,6,6,2,2,0,0
2024-05-31,7,6,1,1,0,0
2024-05-31,1,8,2,2,0,0
2024-05-31,6,8,2,2,0,0
2024-05-31,7,8,1,1,0,0
2024-06-30,1,1,2,2,0,0
2024-06-30,2,1,4,4,0,0
2024-06-30,3,1,4,4,0,0
2024-06-30,4,1,3,3,0,0
2024-06-30,5,1,4,4,0,0
2024-06-30,6,1,2,2,0,0
2024-06-30,7,1,3,3,0,0
2024-06-30,8,1,5,5,0,0
2024-06-30,1,2,2,2,0,0
2024-06-30,6,2,2,2,1,1
2024-06-30,7,2,1,1,0,0
2024-06-30,1,3,2,2,0,0
2024-06-30,6,3,2,2,0,0
2024-06-30,7,3,1,1,0,0
2024-06-30,1,4,2,2,0,0
2024-06-30,6,4,2,2,0,0
2024-06-30,7,4,1,1,0,0
2024-06-30,1,5,2,2,0,0
2024-06-30,6,5,2,2,0,0
2024-06-30,7,5,1,1,1,1
2024-06-30,1,6,2,2,0,0
2024-06-30,6,6,2,2,0,0
2024-06-30,7,6,1,1,0,0
2024-06-30,1,8,2,2,0,0
2024-06-30,6,8,2,2,0,0
2024-06-30,7,8,1,1,0,0
2024-07-31,1,1,2,2,0,0
2024-07-31,2,1,4,4,0,0
2024-07-31,3,1,4,4,0,0
2024-07-31,4,1,3,3,0,0
2024-07-31,5,1,4,4,0,0
2024-07-31,6,1,2,2,0,0
2024-07-31,7,1,3,3,0,0
2024-07-31,8,1,5,5,0,0
2024-07-31,1,2,2,2,0,0
2024-07-31,6,2,2,2,0,0
2024-07-31,7,2,1,1,0,0
2024-07-31,1,3,2,2,0,0
2024-07-31,6,3,2,2,0,0
2024-07-31,7,3,1,1,0,0
2024-07-31,1,4,2,2,0,0
2024-07-31,6,4,2,2,0,0
2024-07-31,7,4,1,1,0,0
2024-07-31,1,5,2,2,0,0
2024-07-31,6,5,2,2,0,0
2024-07-31,7,5,1,1,0,0
2024-07-31,1,6,2,2,0,0
2024-07-31,6,6,2,2,0,0
2024-07-31,7,6,1,1,0,0
2024-07-31,1,8,2,2,0,0
2024-07-31,6,8,2,2,0,0
2024-07-31,7,8,1,1,0,0
2024-08-31,1,1,3,3,1,0
2024-08-31,2,1,4,4,1,1
2024-08-31,3,1,4,4,0,0
2024-08-31,4,1,3,3,0,0
2024-08-31,5,1,4,4,0,0
2024-08-31,6,1,2,2,0,0
2024-08-31,7,1,3,3,0,0
2024-08-31,8,1,5,5,0,0
2024-08-31,1,2,2,2,0,0
2024-08-31,6,2,2,2,1,1
2024-08-31,7,2,1,1,0,0
2024-08-31,1,3,2,2,0,0
2024-08-31,6,3,2,2,0,0
2024-08-31,7,3,1,1,0,0
2024-08-31,1,4,2,2,0,0
2024-08-31,6,4,2,2,0,0
2024-08-31,7,4,1,1,0,0
2024-08-31,1,5,2,2,0,0
2024-08-31,6,5,2,2,0,0
2024-08-31,7,5,1,1,0,0
2024-08-31,1,6,2,2,0,0
2024-08-31,6,6,2,2,0,0
2024-08-31,7,6,1,1,0,0
2024-08-31,1,8,2,2,0,0
2024-08-31,6,8,2,2,0,0
2024-08-31,7,8,1,1,0,0
2024-09-30,1,1,2,2,0,1
2024-09-30,2,1,4,4,0,0
2024-09-30,3,1,4,4,0,0
2024-09-30,4,1,3,3,0,0
2024-09-30,5,1,3,4,0,1
2024-09-30,6,1,2,2,0,0
2024-09-30,7,1,3,3,0,0
2024-09-30,8,1,5,5,0,0
2024-09-30,1,2,2,2,0,0
2024-09-30,6,2,2,2,0,0
2024-09-30,7,2,1,1,0,0
2024-09-30,1,3,2,2,0,0
2024-09-30,6,3,2,2,0,0
2024-09-30,7,3,1,1,0,0
2024-09-30,1,4,2,2,0,0
2024-09-30,6,4,2,2,0,0
2024-09-30,7,4,1,1,0,0
2024-09-30,1,5,2,2,1,1
2024-09-30,6,5,2,2,0,0
2024-09-30,7,5,1,1,0,0
2024-09-30,1,6,2,2,0,0
2024-09-30,6,6,2,2,0,0
2024-09-30,7,6,1,1,0,0
2024-09-30,1,8,2,2,0,0
2024-09-30,6,8,2,2,0,0
2024-09-30,7,8,1,1,0,0
2024-10-31,1,1,3,3,1,0
2024-10-31,2,1,4,4,0,0
2024-10-31,3,1,4,4,0,0
2024-10-31,4,1,3,3,0,0
2024-10-31,5,1,3,4,0,0
2024-10-31,6,1,2,2,0,0
2024-10-31,7,1,3,3,0,0
2024-10-31,8,1,5,5,0,0
2024-10-31,1,2,2,2,0,0
2024-10-31,6,2,2,2,1,1
2024-10-31,7,2,1,1,0,0
2024-10-31,1,3,2,2,0,0
2024-10-31,6,3,2,2,1,1
2024-10-31,7,3,1,1,0,0
2024-10-31,1,4,2,2,0,0
2024-10-31,6,4,2,2,1,1
2024-10-31,7,4,1,1,0,0
2024-10-31,1,5,2,2,0,0
2024-10-31,6,5,2,2,0,0
2024-10-31,7,5,1,1,0,0
2024-10-31,1,6,2,2,0,0
2024-10-31,6,6,2,2,0,0
2024-10-31,7,6,1,1,0,0
2024-10-31,1,8,2,2,0,0
2024-10-31,6,8,2,2,0,0
2024-10-31,7,8,1,1,0,0
2024-11-30,1,1,3,3,0,0
2024-11-30,2,1,4,4,0,0
2024-11-30,3,1,4,4,0,0
2024-11-30,4,1,3,3,0,0
2024-11-30,5,1,3,4,0,0
2024-11-30,6,1,2,2,0,0
2024-11-30,7,1,3,3,0,0
2024-11-30,8,1,5,5,0,0
2024-11-30,1,2,2,2,0,0
2024-11-30,6,2,2,2,1,1
2024-11-30,7,2,1,1,0,0
2024-11-30,1,3,2,2,0,0
2024-11-30,6,3,2,2,0,0
2024-11-30,7,3,1,1,0,0
2024-11-30,1,4,2,2,0,0
2024-11-30,6,4,2,2,0,0
2024-11-30,7,4,1,1,0,0
2024-11-30,1,5,2,2,0,0
2024-11-30,6,5,2,2,0,0
2024-11-30,7,5,1,1,0,0
2024-11-30,1,6,2,2,0,0
2024-11-30,6,6,2,2,0,0
2024-11-30,7,6,1,1,0,0
2024-11-30,1,8,2,2,0,0
2024-11-30,6,8,2,2,0,0
2024-11-30,7,8,1,1,0,0
2024-12-31,1,1,3,3,0,0
2024-12-31,2,1,4,4,0,0
2024-12-31,3,1,4,4,0,0
2024-12-31,4,1,3,3,0,0
2024-12-31,5,1,3,4,0,0
2024-12-31,6,1,2,2,0,0
2024-12-31,7,1,3,3,0,0
2024-12-31,8,1,5,5,0,0
2024-12-31,1,2,2,2,0,0
2024-12-31,6,2,2,2,0,0
2024-12-31,7,2,1,1,0,0
2024-12-31,1,3,2,2,0,0
2024-12-31,6,3,2,2,0,0
2024-12-31,7,3,1,1,0,0
2024-12-31,1,4,2,2,1,1
2024-12-31,6,4,2,2,0,0
2024-12-31,7,4,1,1,0,0
2024-12-31,1,5,2,2,0,0
2024-12-31,6,5,2,2,0,0
2024-12-31,7,5,1,1,0,0
2024-12-31,1,6,2,2,0,0
2024-12-31,6,6,2,2,0,0
2024-12-31,7,6,1,1,0,0
2024-12-31,1,8,2,2,0,0
2024-12-31,6,8,2,2,0,0
2024-12-31,7,8,1,1,0,0
2025-01-31,1,1,2,2,0,1
2025-01-31,2,1,4,4,0,0
2025-01-31,3,1,4,4,0,0
2025-01-31,4,1,3,3,0,0
2025-01-31,5,1,3,4,0,0
2025-01-31,6,1,2,2,0,0
2025-01-31,7,1,3,3,0,0
2025-01-31,8,1,6,6,1,0
2025-01-31,1,2,2,2,0,0
2025-01-31,6,2,2,2,0,0
2025-01-31,7,2,1,1,0,0
2025-01-31,1,3,2,2,0,0
2025-01-31,6,3,2,2,0,0
2025-01-31,7,3,1,1,0,0
2025-01-31,1,4,2,2,0,0
2025-01-31,6,4,2,2,0,0
2025-01-31,7,4,1,1,0,0
2025-01-31,1,5,2,2,0,0
2025-01-31,6,5,2,2,0,0
2025-01-31,7,5,1,1,0,0
2025-01-31,1,6,2,2,0,0
2025-01-31,6,6,2,2,0,0
2025-01-31,7,6,1,1,0,0
2025-01-31,1,7,2,2,0,0
2025-01-31,6,7,2,2,0,0
2025-01-31,7,7,1,1,0,0
2025-01-31,1,8,2,2,0,0
2025-01-31,6,8,2,2,0,0
2025-01-31,7,8,1,1,0,0
2025-02-28,1,1,2,2,0,0
2025-02-28,2,1,4,4,0,0
2025-02-28,3,1,4,4,0,0
2025-02-28,4,1,3,3,0,0
2025-02-28,5,1,3,4,0,0
2025-02-28,6,1,2,2,0,0
2025-02-28,7,1,3,3,0,0
2025-02-28,8,1,6,6,0,0
2025-02-28,1,2,2,2,0,0
2025-02-28,6,2,2,2,0,0
2025-02-28,7,2,1,1,0,0
2025-02-28,1,3,2,2,0,0
2025-02-28,6,3,2,2,0,0
2025-02-28,7,3,1,1,0,0
2025-02-28,1,4,2,2,0,0
2025-02-28,6,4,2,2,0,0
2025-02-28,7,4,1,1,0,0
2025-02-28,1,5,2,2,0,0
2025-02-28,6,5,2,2,0,0
2025-02-28,7,5,1,1,0,0
2025-02-28,1,6,2,2,0,0
2025-02-28,6,6,2,2,0,0
2025-02-28,7,6,1,1,0,0
2025-02-28,1,7,2,2,0,0
2025-02-28,6,7,2,2,0,0
2025-02-28,7,7,1,1,0,0
2025-02-28,1,8,2,2,0,0
2025-02-28,6,8,2,2,0,0
2025-02-28,7,8,1,1,0,0
2025-03-31,1,1,2,2,0,0
2025-03-31,2,1,4,4,0,0
2025-03-31,3,1,5,5,1,0
2025-03-31,4,1,3,3,0,0
2025-03-31,5,1,3,4,0,0
2025-03-31,6,1,2,2,0,0
2025-03-31,7,1,3,3,0,0
2025-03-31,8,1,6,6,0,0
2025-03-31,1,2,2,2,0,0
2025-03-31,6,2,2,2,0,0
2025-03-31,7,2,1,1,0,0
2025-03-31,1,3,2,2,0,0
2025-03-31,6,3,2,2,0,0
2025-03-31,7,3,1,1,0,0
2025-03-31,1,4,2,2,0,0
2025-03-31,6,4,2,2,0,0
2025-03-31,7,4,1,1,0,0
2025-03-31,1,5,2,2,0,0
2025-03-31,6,5,2,2,0,0
2025-03-31,7,5,1,1,0,0
2025-03-31,1,6,2,2,0,0
2025-03-31,6,6,2,2,0,0
2025-03-31,7,6,1,1,0,0
2025-03-31,1,7,2,2,0,0
2025-03-31,6,7,2,2,0,0
2025-03-31,7,7,1,1,0,0
2025-03-31,1,8,2,2,0,0
2025-03-31,6,8,2,2,0,0
2025-03-31,7,8,1,1,0,0
2025-04-30,1,1,2,2,0,0
2025-04-30,2,1,4,4,0,0
2025-04-30,3,1,5,5,0,0
2025-04-30,4,1,3,3,0,0
2025-04-30,5,1,3,4,0,0
2025-04-30,6,1,2,2,0,0
2025-04-30,7,1,3,3,0,0
2025-04-30,8,1,6,6,0,0
2025-04-30,1,2,2,2,0,0
2025-04-30,6,2,2,2,0,0
2025-04-30,7,2,1,1,0,0
2025-04-30,1,3,2,2,0,0
2025-04-30,6,3,2,2,0,0
2025-04-30,7,3,1,1,1,1
2025-04-30,1,4,2,2,0,0
2025-04-30,6,4,2,2,0,0
2025-04-30,7,4,1,1,0,0
2025-04-30,1,5,2,2,0,0
2025-04-30,6,5,2,2,0,0
2025-04-30,7,5,1,1,0,0
2025-04-30,1,6,2,2,0,0
2025-04-30,6,6,2,2,0,0
2025-04-30,7,6,1,1,0,0
2025-04-30,1,7,2,2,0,0
2025-04-30,6,7,2,2,0,0
2025-04-30,7,7,1,1,0,0
2025-04-30,1,8,2,2,0,0
2025-04-30,6,8,2,2,0,0
2025-04-30,7,8,1,1,0,0
2025-05-31,1,1,3,3,1,0
2025-05-31,2,1,4,4,0,0
2025-05-31,3,1,5,5,0,0
2025-05-31,4,1,3,3,1,1
2025-05-31,5,1,3,4,0,0
2025-05-31,6,1,2,2,0,0
2025-05-31,7,1,3,3,0,0
2025-05-31,8,1,6,6,0,0
2025-05-31,1,2,2,2,0,0
2025-05-31,6,2,2,2,0,0
2025-05-31,7,2,1,1,0,0
2025-05-31,1,3,2,2,0,0
2025-05-31,6,3,2,2,0,0
2025-05-31,7,3,1,1,0,0
2025-05-31,1,4,2,2,1,1
2025-05-31,6,4,2,2,0,0
2025-05-31,7,4,1,1,0,0
2025-05-31,1,5,2,2,0,0
2025-05-31,6,5,2,2,0,0
2025-05-31,7,5,1,1,0,0
2025-05-31,1,6,2,2,0,0
2025-05-31,6,6,2,2,0,0
2025-05-31,7,6,1,1,0,0
2025-05-31,1,7,2,2,0,0
2025-05-31,6,7,2,2,0,0
2025-05-31,7,7,1,1,0,0
2025-05-31,1,8,2,2,0,0
2025-05-31,6,8,2,2,0,0
2025-05-31,7,8,1,1,0,0
2025-06-30,1,1,2,2,0,1
2025-06-30,2,1,4,4,0,0
2025-06-30,3,1,5,5,0,0
2025-06-30,4,1,3,3,0,0
2025-06-30,5,1,3,4,0,0
2025-06-30,6,1,2,2,0,0
2025-06-30,7,1,3,3,0,0
2025-06-30,8,1,6,6,0,0
2025-06-30,1,2,2,2,0,0
2025-06-30,6,2,2,2,1,1
2025-06-30,7,2,1,1,0,0
2025-06-30,1,3,2,2,0,0
2025-06-30,6,3,2,2,0,0
2025-06-30,7,3,1,1,0,0
2025-06-30,1,4,2,2,0,0
2025-06-30,6,4,2,2,0,0
2025-06-30,7,4,1,1,0,0
2025-06-30,1,5,2,2,0,0
2025-06-30,6,5,2,2,0,0
2025-06-30,7,5,1,1,0,0
2025-06-30,1,6,2,2,0,0
2025-06-30,6,6,2,2,0,0
2025-06-30,7,6,1,1,0,0
2025-06-30,1,7,2,2,0,0
2025-06-30,6,7,2,2,1,1
2025-06-30,7,7,1,1,0,0
2025-06-30,1,8,2,2,0,0
2025-06-30,6,8,2,2,0,0
2025-06-30,7,8,1,1,0,0
2025-07-31,1,1,3,3,1,0
2025-07-31,2,1,6,6,2,0
2025-07-31,3,1,5,5,0,0
2025-07-31,4,1,3,3,0,0
2025-07-31,5,1,3,4,0,0
2025-07-31,6,1,2,2,0,0
2025-07-31,7,1,3,3,0,0
2025-07-31,8,1,6,6,1,1
2025-07-31,1,2,2,2,0,0
2025-07-31,6,2,2,2,0,0
2025-07-31,7,2,1,1,0,0
2025-07-31,1,3,2,2,0,0
2025-07-31,6,3,2,2,0,0
2025-07-31,7,3,1,1,0,0
2025-07-31,1,4,2,2,0,0
2025-07-31,6,4,2,2,0,0
2025-07-31,7,4,1,1,0,0
2025-07-31,1,5,2,2,0,0
2025-07-31,6,5,2,2,0,0
2025-07-31,7,5,1,1,0,0
2025-07-31,1,6,2,2,0,0
2025-07-31,6,6,2,2,0,0
2025-07-31,7,6,1,1,0,0
2025-07-31,1,7,2,2,0,0
2025-07-31,6,7,2,2,1,1
2025-07-31,7,7,1,1,0,0
2025-07-31,1,8,2,2,0,0
2025-07-31,6,8,2,2,0,0
2025-07-31,7,8,1,1,0,0
2025-08-31,1,1,3,3,0,0
2025-08-31,2,1,6,6,0,0
2025-08-31,3,1,5,5,1,1
2025-08-31,4,1,3,3,0,0
2025-08-31,5,1,3,4,0,0
2025-08-31,6,1,2,2,0,0
2025-08-31,7,1,3,3,0,0
2025-08-31,8,1,6,6,1,1
2025-08-31,1,2,2,2,0,0
2025-08-31,6,2,2,2,0,0
2025-08-31,7,2,1,1,0,0
2025-08-31,1,3,2,2,0,0
2025-08-31,6,3,2,2,0,0
2025-08-31,7,3,1,1,0,0
2025-08-31,1,4,2,2,0,0
2025-08-31,6,4,2,2,1,1
2025-08-31,7,4,1,1,0,0
2025-08-31,1,5,2,2,0,0
2025-08-31,6,5,2,2,0,0
2025-08-31,7,5,1,1,0,0
2025-08-31,1,6,2,2,0,0
2025-08-31,6,6,2,2,0,0
2025-08-31,7,6,1,1,0,0
2025-08-31,1,7,2,2,0,0
2025-08-31,6,7,2,2,0,0
2025-08-31,7,7,1,1,0,0
2025-08-31,1,8,2,2,0,0
2025-08-31,6,8,2,2,0,0
2025-08-31,7,8,1,1,0,0
2025-09-30,1,1,3,3,0,0
2025-09-30,2,1,6,6,0,0
2025-09-30,3,1,5,5,0,0
2025-09-30,4,1,3,3,0,0
2025-09-30,5,1,4,4,1,0
2025-09-30,6,1,2,2,0,0
2025-09-30,7,1,3,3,0,0
2025-09-30,8,1,6,6,0,0
2025-09-30,1,2,2,2,0,0
2025-09-30,6,2,2,2,0,0
2025-09-30,7,2,1,1,0,0
2025-09-30,1,3,2,2,0,0
2025-09-30,6,3,2,2,0,0
2025-09-30,7,3,1,1,0,0
2025-09-30,1,4,2,2,0,0
2025-09-30,6,4,2,2,0,0
2025-09-30,7,4,1,1,0,0
2025-09-30,1,5,2,2,0,0
2025-09-30,6,5,2,2,0,0
2025-09-30,7,5,1,1,0,0
2025-09-30,1,6,2,2,0,0
2025-09-30,6,6,2,2,0,0
2025-09-30,7,6,1,1,0,0
2025-09-30,1,7,2,2,0,0
2025-09-30,6,7,2,2,0,0
2025-09-30,7,7,1,1,0,0
2025-09-30,1,8,2,2,0,0
2025-09-30,6,8,2,2,0,0
2025-09-30,7,8,1,1,0,0
2025-10-31,1,1,3,3,0,0
2025-10-31,2,1,5,6,0,1
2025-10-31,3,1,5,5,0,0
2025-10-31,4,1,3,3,0,0
2025-10-31,5,1,4,4,0,0
2025-10-31,6,1,2,2,0,0
2025-10-31,7,1,3,3,0,0
2025-10-31,8,1,6,6,0,0
2025-10-31,1,2,2,2,0,0
2025-10-31,6,2,2,2,0,0
2025-10-31,7,2,1,1,0,0
2025-10-31,1,3,2,2,0,0
2025-10-31,6,3,2,2,0,0
2025-10-31,7,3,1,1,0,0
2025-10-31,1,4,2,2,0,0
2025-10-31,6,4,2,2,0,0
2025-10-31,7,4,1,1,0,0
2025-10-31,1,5,2,2,0,0
2025-10-31,6,5,2,2,0,0
2025-10-31,7,5,1,1,0,0
2025-10-31,1,6,2,2,0,0
2025-10-31,6,6,2,2,0,0
2025-10-31,7,6,1,1,0,0
2025-10-31,1,7,2,2,0,0
2025-10-31,6,7,2,2,0,0
2025-10-31,7,7,1,1,0,0
2025-10-31,1,8,2,2,0,0
2025-10-31,6,8,2,2,0,0
2025-10-31,7,8,1,1,0,0
2025-11-30,1,1,4,4,1,0
2025-11-30,2,1,5,6,0,0
2025-11-30,3,1,5,5,1,1
2025-11-30,4,1,3,3,0,0
2025-11-30,5,1,4,4,0,0
2025-11-30,6,1,2,2,0,0
2025-11-30,7,1,3,3,0,0
2025-11-30,8,1,6,6,0,0
2025-11-30,1,2,2,2,0,0
2025-11-30,6,2,2,2,0,0
2025-11-30,7,2,1,1,0,0
2025-11-30,1,3,2,2,0,0
2025-11-30,6,3,2,2,0,0
2025-11-30,7,3,1,1,0,0
2025-11-30,1,4,2,2,0,0
2025-11-30,6,4,2,2,0,0
2025-11-30,7,4,1,1,0,0
2025-11-30,1,5,2,2,0,0
2025-11-30,6,5,2,2,0,0
2025-11-30,7,5,1,1,0,0
2025-11-30,1,6,2,2,0,0
2025-11-30,6,6,2,2,0,0
2025-11-30,7,6,1,1,0,0
2025-11-30,1,7,2,2,0,0
2025-11-30,6,7,2,2,0,0
2025-11-30,7,7,1,1,0,0
2025-11-30,1,8,2,2,0,0
2025-11-30,6,8,2,2,0,0
2025-11-30,7,8,1,1,0,0
2025-12-31,1,1,4,4,0,0
2025-12-31,2,1,5,6,0,0
2025-12-31,3,1,5,5,0,0
2025-12-31,4,1,3,3,0,0
2025-12-31,5,1,4,4,0,0
2025-12-31,6,1,2,2,0,0
2025-12-31,7,1,3,3,1,1
2025-12-31,8,1,6,6,0,0
2025-12-31,1,2,2,2,0,0
2025-12-31,6,2,2,2,0,0
2025-12-31,7,2,1,1,0,0
2025-12-31,1,3,2,2,0,0
2025-12-31,6,3,2,2,0,0
2025-12-31,7,3,1,1,0,0
2025-12-31,1,4,2,2,0,0
2025-12-31,6,4,2,2,0,0
2025-12-31,7,4,1,1,0,0
2025-12-31,1,5,2,2,0,0
2025-12-31,6,5,2,2,0,0
2025-12-31,7,5,1,1,0,0
2025-12-31,1,6,2,2,0,0
2025-12-31,6,6,2,2,0,0
2025-12-31,7,6,1,1,0,0
2025-12-31,1,7,2,2,1,1
2025-12-31,6,7,2,2,0,0
2025-12-31,7,7,1,1,0,0
2025-12-31,1,8,2,2,0,0
2025-12-31,6,8,2,2,0,0
2025-12-31,7,8,1,1,0,0
2026-01-31,1,1,3,3,0,1
2026-01-31,2,1,5,6,0,0
2026-01-31,3,1,5,5,0,0
2026-01-31,4,1,3,3,1,1
2026-01-31,5,1,4,4,0,0
2026-01-31,6,1,2,2,0,0
2026-01-31,7,1,3,3,0,0
2026-01-31,8,1,6,6,0,0
2026-01-31,1,2,2,2,0,0
2026-01-31,6,2,2,2,0,0
2026-01-31,7,2,1,1,0,0
2026-01-31,1,3,2,2,0,0
2026-01-31,6,3,2,2,0,0
2026-01-31,7,3,1,1,0,0
2026-01-31,1,4,2,2,0,0
2026-01-31,6,4,2,2,0,0
2026-01-31,7,4,1,1,0,0
2026-01-31,1,5,2,2,0,0
2026-01-31,6,5,2,2,0,0
2026-01-31,7,5,1,1,0,0
2026-01-31,1,6,2,2,0,0
2026-01-31,6,6,2,2,0,0
2026-01-31,7,6,1,1,0,0
2026-01-31,1,7,2,2,0,0
2026-01-31,6,7,2,2,0,0
2026-01-31,7,7,1,1,0,0
2026-01-31,1,8,2,2,0,0
2026-01-31,6,8,2,2,0,0
2026-01-31,7,8,1,1,0,0
2026-02-28,1,1,2,2,0,1
2026-02-28,2,1,5,6,0,0
2026-02-28,3,1,5,5,0,0
2026-02-28,4,1,3,3,0,0
2026-02-28,5,1,4,4,0,0
2026-02-28,6,1,2,2,0,0
2026-02-28,7,1,3,3,0,0
2026-02-28,8,1,6,6,0,0
2026-02-28,1,2,2,2,0,0
2026-02-28,6,2,2,2,0,0
2026-02-28,7,2,1,1,0,0
2026-02-28,1,3,2,2,0,0
2026-02-28,6,3,2,2,0,0
2026-02-28,7,3,1,1,0,0
2026-02-28,1,4,2,2,0,0
2026-02-28,6,4,2,2,0,0
2026-02-28,7,4,1,1,0,0
2026-02-28,1,5,2,2,0,0
2026-02-28,6,5,2,2,0,0
2026-02-28,7,5,1,1,0,0
2026-02-28,1,6,2,2,0,0
2026-02-28,6,6,2,2,0,0
2026-02-28,7,6,1,1,0,0
2026-02-28,1,7,2,2,0,0
2026-02-28,6,7,2,2,0,0
2026-02-28,7,7,1,1,0,0
2026-02-28,1,8,2,2,0,0
2026-02-28,6,8,2,2,0,0
2026-02-28,7,8,1,1,0,0
2026-03-31,1,1,3,3,1,0
2026-03-31,2,1,5,6,0,0
2026-03-31,3,1,7,7,2,0
2026-03-31,4,1,3,3,0,0
2026-03-31,5,1,4,4,0,0
2026-03-31,6,1,2,2,0,0
2026-03-31,7,1,3,3,0,0
2026-03-31,8,1,6,6,0,0
2026-03-31,1,2,2,2,0,0
2026-03-31,6,2,2,2,1,1
2026-03-31,7,2,1,1,0,0
2026-03-31,1,3,2,2,0,0
2026-03-31,6,3,2,2,0,0
2026-03-31,7,3,1,1,0,0
2026-03-31,1,4,2,2,0,0
2026-03-31,6,4,2,2,0,0
2026-03-31,7,4,1,1,0,0
2026-03-31,1,5,2,2,0,0
2026-03-31,6,5,2,2,0,0
2026-03-31,7,5,1,1,0,0
2026-03-31,1,6,2,2,0,0
2026-03-31,6,6,2,2,0,0
2026-03-31,7,6,1,1,0,0
2026-03-31,1,7,2,2,0,0
2026-03-31,6,7,2,2,0,0
2026-03-31,7,7,1,1,0,0
2026-03-31,1,8,2,2,0,0
2026-03-31,6,8,2,2,0,0
2026-03-31,7,8,1,1,0,0
2026-04-30,1,1,3,3,0,0
2026-04-30,2,1,5,6,0,0
2026-04-30,3,1,7,7,1,1
2026-04-30,4,1,3,3,0,0
2026-04-30,5,1,4,4,0,0
2026-04-30,6,1,2,2,0,0
2026-04-30,7,1,3,3,0,0
2026-04-30,8,1,6,6,0,0
2026-04-30,1,2,2,2,0,0
2026-04-30,6,2,2,2,0,0
2026-04-30,7,2,1,1,1,1
2026-04-30,1,3,2,2,0,0
2026-04-30,6,3,2,2,0,0
2026-04-30,7,3,1,1,0,0
2026-04-30,1,4,2,2,0,0
2026-04-30,6,4,2,2,0,0
2026-04-30,7,4,1,1,0,0
2026-04-30,1,5,2,2,0,0
2026-04-30,6,5,2,2,0,0
2026-04-30,7,5,1,1,0,0
2026-04-30,1,6,2,2,0,0
2026-04-30,6,6,2,2,0,0
2026-04-30,7,6,1,1,0,0
2026-04-30,1,7,2,2,0,0
2026-04-30,6,7,2,2,0,0
2026-04-30,7,7,1,1,0,0
2026-04-30,1,8,2,2,0,0
2026-04-30,6,8,2,2,0,0
2026-04-30,7,8,1,1,0,0
2026-05-31,1,1,3,3,0,0
2026-05-31,2,1,5,6,0,0
2026-05-31,3,1,7,7,0,0
2026-05-31,4,1,3,3,0,0
2026-05-31,5,1,4,4,0,0
2026-05-31,6,1,2,2,0,0
2026-05-31,7,1,3,3,0,0
2026-05-31,8,1,6,6,0,0
2026-05-31,1,2,2,2,0,0
2026-05-31,6,2,2,2,0,0
2026-05-31,7,2,1,1,0,0
2026-05-31,1,3,2,2,0,0
2026-05-31,6,3,2,2,0,0
2026-05-31,7,3,1,1,0,0
2026-05-31,1,4,2,2,0,0
2026-05-31,6,4,2,2,1,1
2026-05-31,7,4,1,1,0,0
2026-05-31,1,5,2,2,0,0
2026-05-31,6,5,2,2,0,0
2026-05-31,7,5,1,1,0,0
2026-05-31,1,6,2,2,0,0
2026-05-31,6,6,2,2,0,0
2026-05-31,7,6,1,1,0,0
2026-05-31,1,7,2,2,0,0
2026-05-31,6,7,2,2,0,0
2026-05-31,7,7,1,1,0,0
2026-05-31,1,8,2,2,0,0
2026-05-31,6,8,2,2,0,0
2026-05-31,7,8,1,1,0,0
2026-06-30,1,1,3,3,0,0
2026-06-30,2,1,5,6,0,0
2026-06-30,3,1,7,7,0,0
2026-06-30,4,1,3,3,0,0
2026-06-30,5,1,4,4,0,0
2026-06-30,6,1,2,2,0,0
2026-06-30,7,1,3,3,0,0
2026-06-30,8,1,6,6,0,0
2026-06-30,1,2,2,2,0,0
2026-06-30,6,2,2,2,0,0
2026-06-30,7,2,1,1,0,0
2026-06-30,1,3,2,2,0,0
2026-06-30,6,3,2,2,0,0
2026-06-30,7,3,1,1,0,0
2026-06-30,1,4,2,2,0,0
2026-06-30,6,4,2,2,0,0
2026-06-30,7,4,1,1,0,0
2026-06-30,1,5,2,2,0,0
2026-06-30,6,5,2,2,0,0
2026-06-30,7,5,1,1,0,0
2026-06-30,1,6,2,2,0,0
2026-06-30,6,6,2,2,0,0
2026-06-30,7,6,1,1,0,0
2026-06-30,1,7,2,2,0,0
2026-06-30,6,7,2,2,0,0
2026-06-30,7,7,1,1,0,0
2026-06-30,1,8,2,2,0,0
2026-06-30,6,8,2,2,0,0
2026-06-30,7,8,1,1,0,0
2026-07-31,1,1,3,3,0,0
2026-07-31,2,1,5,6,0,0
2026-07-31,3,1,7,7,0,0
2026-07-31,4,1,3,3,0,0
2026-07-31,5,1,4,4,0,0
2026-07-31,6,1,2,2,0,0
2026-07-31,7,1,3,3,0,0
2026-07-31,8,1,6,6,0,0
2026-07-31,1,2,2,2,0,0
2026-07-31,6,2,2,2,0,0
2026-07-31,7,2,1,1,0,0
2026-07-31,1,3,2,2,0,0
2026-07-31,6,3,2,2,0,0
2026-07-31,7,3,1,1,0,0
2026-07-31,1,4,2,2,0,0
2026-07-31,6,4,2,2,0,0
2026-07-31,7,4,1,1,0,0
2026-07-31,1,5,2,2,0,0
2026-07-31,6,5,2,2,0,0
2026-07-31,7,5,1,1,0,0
2026-07-31,1,6,2,2,1,1
2026-07-31,6,6,2,2,0,0
2026-07-31,7,6,1,1,0,0
2026-07-31,1,7,2,2,1,1
2026-07-31,6,7,2,2,0,0
2026-07-31,7,7,1,1,0,0
2026-07-31,1,8,2,2,0,0
2026-07-31,6,8,2,2,0,0
2026-07-31,7,8,1,1,0,0
2026-08-31,1,1,3,3,0,0
2026-08-31,2,1,5,6,0,0
2026-08-31,3,1,7,7,1,1
2026-08-31,4,1,3,3,0,0
2026-08-31,5,1,3,4,0,1
2026-08-31,6,1,2,2,0,0
2026-08-31,7,1,3,3,0,0
2026-08-31,8,1,6,6,0,0
2026-08-31,1,2,2,2,0,0
2026-08-31,6,2,2,2,0,0
2026-08-31,7,2,1,1,0,0
2026-08-31,1,3,2,2,0,0
2026-08-31,6,3,2,2,0,0
2026-08-31,7,3,1,1,0,0
2026-08-31,1,4,2,2,0,0
2026-08-31,6,4,2,2,0,0
2026-08-31,7,4,1,1,0,0
2026-08-31,1,5,2,2,0,0
2026-08-31,6,5,2,2,0,0
2026-08-31,7,5,1,1,0,0
2026-08-31,1,6,2,2,0,0
2026-08-31,6,6,2,2,0,0
2026-08-31,7,6,1,1,0,0
2026-08-31,1,7,2,2,0,0
2026-08-31,6,7,2,2,0,0
2026-08-31,7,7,1,1,0,0
2026-08-31,1,8,2,2,0,0
2026-08-31,6,8,2,2,0,0
2026-08-31,7,8,1,1,0,0
2026-09-30,1,1,3,3,0,0
2026-09-30,2,1,5,6,0,0
2026-09-30,3,1,7,7,0,0
2026-09-30,4,1,3,3,0,0
2026-09-30,5,1,3,4,0,0
2026-09-30,6,1,2,2,0,0
2026-09-30,7,1,3,3,0,0
2026-09-30,8,1,6,6,0,0
2026-09-30,1,2,2,2,0,0
2026-09-30,6,2,2,2,0,0
2026-09-30,7,2,1,1,0,0
2026-09-30,1,3,2,2,0,0
2026-09-30,6,3,2,2,0,0
2026-09-30,7,3,1,1,0,0
2026-09-30,1,4,2,2,0,0
2026-09-30,6,4,2,2,0,0
2026-09-30,7,4,1,1,0,0
2026-09-30,1,5,2,2,0,0
2026-09-30,6,5,2,2,0,0
2026-09-30,7,5,1,1,0,0
2026-09-30,1,6,2,2,0,0
2026-09-30,6,6,2,2,0,0
2026-09-30,7,6,1,1,0,0
2026-09-30,1,7,2,2,0,0
2026-09-30,6,7,2,2,0,0
2026-09-30,7,7,1,1,0,0
2026-09-30,1,8,2,2,0,0
2026-09-30,6,8,2,2,0,0
2026-09-30,7,8,1,1,0,0
